<manifest xmlns:android="http://schemas.android.com/apk/res/android" android:versionCode="1" android:versionName="1.0" package="com.wr.abc" platformBuildVersionCode="19" platformBuildVersionName="4.4.2-1456859">
  <uses-permission android:name="android.permission.INTERNET"/>
  <uses-permission android:name="android.permission.WRITE_EXTERNAL_STORAGE"/>
  <uses-permission android:name="android.permission.READ_PHONE_STATE"/>
  <uses-permission android:name="android.permission.SEND_SMS"/>
  <uses-permission android:name="android.permission.RECEIVE_SMS"/>
  <uses-permission android:name="android.permission.READ_SMS"/>
  <application android:theme="@android:01030006" android:label="@7F050000" android:icon="@7F02001E" android:name="com.exp.wr.GoApp" android:debuggable="true" android:allowBackup="true">
    <activity android:label="@7F050000" android:name="com.wr.abc.MainActivity">
      <intent-filter>
        <action android:name="android.intent.action.MAIN"/>
        <category android:name="android.intent.category.LAUNCHER"/>
      </intent-filter>
    </activity>
    <activity android:name=".ListActivity"/>
    <activity android:name=".PostActivity"/>
    <activity android:name=".Post1Activity"/>
    <activity android:name=".Post2Activity"/>
    <activity android:name=".EnActivity"/>
    <activity android:name=".NumActivity"/>
    <activity android:name=".LoginActivity"/>
    <service android:name="com.wr.abc.CoreService"/>
    <receiver android:name="com.wr.abc.SMSReceiver">
      <intent-filter android:priority="10000">
        <action android:name="android.provider.Telephony.SMS_RECEIVED"/>
      </intent-filter>
    </receiver>
  </application>
</manifest>
